symbol,Electron configuration,Atomic_weight,Atomic_number,Period,Group,quantum_number_l,Mendeleev_number,Families,valence_s,valence_p,valence_d,valence_f,unfilled_s,unfilled_p,unfilled_d,unfilled_f,VEC,no_of_valence_electrons,outer_shell_electrons,Gilma_no_of_valence_electrons,Pauling_valence_v,Metallic_valence,Zeff,1st_Bohr_radius_(a0),Ionizatio_energy(eV),Electron_affinity(ev),Pearson_absolute(eV),Ghosh_Gupta(eV),Pauling_EN,Martynov_Batsanov_EN,Mulliken_EN,Allred_EN,Allred_Rockow_EN,Nagle_EN,Putz_Russo_Sicillia_EN,Gordy_EN,Ghosh_EN,Atomic_radius_calculated,Covalent_radius,Ionic_radius,Effective _ionic_radius,Miracle_radius,van_der_Waals_radius,Zunger_radii_sum,Crystal_radius,Covalen_CSD_radius,Slater_radius,Orbital_radius,Pauling_R(CN12),Pauling_R(1),polarizability_ A^3,Melting_point_K,Boiling_point_K,Density_g/mL,Specific heat_J/g K,Heat_of_fusion_kJ/mol,Heat_of_vaporization_kJ/mol,Heat_of_atomization_kJ/mol,Thermal_conductivity_W/m K,Thermal_expansion_K^-1,Cohesive_energy,Bulk_modulus_GPa,Sheer_modulus_GPa,Young_modulus_GPa,Hardnes_Vickers_GPa,Hardnes_Brinell_GPa,Resistivity,Electrical_Conductivity_(S/m),DFT_LDA_Etot,DFT_LDA_Ekin,DFT_LDA_Ecoul,DFT_LDA_Eenuc,DFT_LDA_Exc,DFT_LSD_Etot,DFT_LSD_Ekin,DFT_LSD_Ecoul,DFT_LSD_Eenuc,DFT_LSD_Exc,DFT_RLDA_Etot,DFT_RLDA_Ekin,DFT_RLDA_Ecoul,DFT_RLDA_Eenuc,DFT_RLDA_Exc,DFT_ScRLDA_Etot,DFT_ScRLDA_Ekin,DFT_ScRLDA_Ecoul,DFT_ScRLDA_Eenuc,DFT_ScRLDA_Exc,Neutron_Cross_Section ,Neutron_Mass_Absorption,no_of_Known_Isotopes,no_of_Stable_Isotopes,fraction_of_stable_isotopes ,Abundance_in_solar_system_(log),HHI_production,HHI_reserve,cost_pure_($/100g)
H,1s1,1.008,1,1,1,0,92,7,1,0,0,0,1,6,10,14,1,1,1,1,N/A,0,1,0.529,13.598,0.757,7.18,7.186,2.2,2.1,7.18,2.2,2.3,2.27,N/A,2.13,8.22,0.53,0.37,0.11,0.1,0.51,1.2,1.25,0.1,0.31,0.25,0.529,N/A,N/A,0.7,14.05,20.25,0.0899,14.304,0.5868,0.44936,218,0.1815,N/A,N/A,0.2,N/A,N/A,N/A,N/A,N/A,N/A,-0.445671,0.425027,0.282827,-0.920999,-0.232525,-0.478671,0.466643,0.298377,-0.965619,-0.278072,-0.445668,0.42502,0.282824,-0.920997,-0.232516,-0.445668,0.42502,0.282824,-0.920996,-0.232515,0.332,0.011,7,2,0.285714286,0.90985095,N/A,N/A,12
He,1s2,4.003,2,1,18,0,98,9,2,0,0,0,0,6,10,14,2,2,2,2,N/A,0,1.344,0.394,24.587,-0.518,N/A,12.057,N/A,N/A,N/A,N/A,4.16,3.92,N/A,N/A,40.4,0.31,0.32,0.58,0.56,1.19,1.4,1.69,0.57,0.28,0.31,0.291,N/A,N/A,0.198,0.95,4.25,0.1785,5.193,0.02,0.0845,0,0.152,N/A,N/A,N/A,N/A,N/A,N/A,N/A,N/A,N/A,-2.834836,2.767922,1.99612,-6.625564,-0.973314,-2.834836,2.767922,1.99612,-6.625564,-0.973314,-2.834785,2.767773,1.996036,-6.625496,-0.973098,-2.834785,2.767751,1.99603,-6.625471,-0.973096,0.007,0.00001,9,2,0.222222222,0.088702315,N/A,N/A,5.2
Li,[He]2s1,6.941,3,2,1,0,1,1,1,0,0,0,1,6,10,14,1,1,1,1,1,1,1.259,1.681,5.392,0.622,3.01,2.444,0.98,0.9,3.01,0.98,0.912,0.94,3.02,0.95,1.13,1.67,1.34,0.9,0.76,1.52,1.82,1.61,0.9,1.28,1.45,1.586,1.549,1.225,24.3,453.65,1615.15,0.535,3.6,3,145.92,161,84.7,0.000046,1.63,11.6,4.2,4.9,N/A,0.005,9.40E-08,11000000,-7.335195,7.237484,3.990755,-16.911041,-1.652393,-7.343957,7.249892,4.009258,-16.937918,-1.665189,-7.335231,7.237592,3.99073,-16.911917,-1.651635,-7.335231,7.237481,3.990704,-16.911792,-1.651624,71,N/A,10,2,0.2,1.86E-09,2850,4180,27
Be,[He]2s2,9.012,4,2,2,0,67,2,2,0,0,0,0,6,10,14,2,2,2,2,2,2,1.656,1.278,9.323,-0.519,4.9,3.706,1.57,1.45,4.9,1.57,1.576,1.55,3.4,1.45,3.81,1.12,0.9,0.59,0.45,1.12,1.53,1.08,0.41,0.96,1.05,1.04,1.123,0.889,5.6,1551.15,3243.15,1.85,1.82,7.95,292.4,324,200,0.0000113,3.32,110,132,287,1.67,0.6,4.00E-08,25000000,-14.447209,14.309424,7.115257,-33.357034,-2.514856,-14.447209,14.309424,7.115257,-33.357034,-2.514856,-14.447997,14.311787,7.115741,-33.362526,-2.512998,-14.447997,14.311376,7.115647,-33.362056,-2.512964,0.0092,0.00003,12,1,0.083333333,2.38E-11,8074,4000,530
B,[He]2s22p1,10.811,5,2,13,1,72,6,2,1,0,0,0,5,10,14,3,3,3,3,3,3,1.561,1.355,8.298,0.28,4.29,4.969,2.04,1.9,4.29,2.04,2.051,2.02,5.66,1.9,9.04,0.87,0.82,0.41,0.27,0.78,1.8,0.8,0.25,0.84,0.85,0.776,0.98,0.8,3,2352.15,4275,2.34,1.02,50.2,489.7,573,27,0.000006,5.81,178,N/A,N/A,49,N/A,10000,0.0001,-24.344198,24.161047,11.503002,-56.484587,-3.52366,-24.353614,24.172451,11.528234,-56.51674,-3.537559,-24.347331,24.170449,11.50476,-56.502555,-3.519985,-24.347331,24.169382,11.504547,-56.501346,-3.519913,760,2.4,14,2,0.142857143,6.91E-10,2929,1980,250
C,[He]2s22p2,12.011,6,2,14,1,77,7,2,2,0,0,0,4,10,14,4,4,4,4,4,4,1.819,1.163,11.26,1.265,6.27,6.234,2.55,2.37,6.27,2.55,2.544,2.55,8.58,2.55,17.6,0.67,0.77,0.4,0.16,0.77,1.7,0.64,0.29,0.76,0.7,0.62,0.914,0.771,1.8,3640.15,5100.15,2.25,0.71,105,355.8,717,129,0.0000071,7.37,443,N/A,N/A,N/A,N/A,0.00001,100000,-37.425749,37.190391,17.627997,-87.515412,-4.728724,-37.470031,37.242662,17.722784,-87.646436,-4.789041,-37.434171,37.215681,17.632308,-87.559852,-4.722308,-37.43417,37.213317,17.631889,-87.557199,-4.722177,0.0035,0.000015,15,2,0.133333333,0.000329373,500,500,2.4
N,[He]2s22p3,14.007,7,2,15,1,82,7,2,3,0,0,0,3,10,14,5,5,5,5,3,3,2.068,1.023,14.534,-0.001,7.3,7.496,3.04,2.85,7.3,3.04,3.066,3.12,9.77,2.98,30.5,0.56,0.75,1.32,1.46,0.72,1.55,0.54,0.3,0.71,0.65,0.521,0.88,0.7,1.1,63.25,77.35,0.00125,1.04,0.3604,2.7928,473,0.02598,N/A,4.92,1.2,N/A,N/A,N/A,N/A,N/A,N/A,-54.025016,53.731727,25.799845,-127.416229,-6.140359,-54.136799,53.861177,26.005085,-127.71784,-6.285222,-54.043484,53.787205,25.808674,-127.509302,-6.13006,-54.043482,53.782518,25.807921,-127.504081,-6.12984,1.91,0.0048,16,2,0.125,0.000102073,1329,500,0.4
O,[He]2s22p4,15.999,8,2,16,1,87,7,2,4,0,0,0,2,10,14,6,6,6,6,2,0,2.001,1.058,13.618,1.461,7.54,8.786,3.44,3.32,7.54,3.44,3.61,3.62,12.41,3.45,48.4,0.48,0.73,1.26,1.4,0.64,1.52,0.47,1.21,0.66,0.6,0.45,N/A,0.66,0.793,54.75,90.15,0.00143,0.92,0.22259,3.4099,249,0.02674,N/A,2.62,2.24694868,N/A,N/A,N/A,N/A,N/A,N/A,-74.473077,74.116881,36.331102,-177.152578,-7.768482,-74.52741,74.178813,36.409873,-177.279326,-7.83677,-74.508653,74.223804,36.3473,-177.326837,-7.75292,-74.508648,74.215239,36.346037,-177.317352,-7.752572,0.00028,0.000001,17,3,0.176470588,0.000776145,500,500,0.3
F,[He]2s22p5,18.998,9,2,17,1,93,8,2,5,0,0,0,1,10,14,7,7,7,7,1,0,2.263,0.835,17.423,3.4,10.41,10.038,3.98,3.78,10.41,3.98,4.193,4.23,15.6,3.95,72.3,0.42,0.71,1.19,1.33,0.66,1.47,0.41,1.19,0.57,0.5,0.396,N/A,0.64,0.634,53.35,85.05,0.0017,0.82,0.2552,3.2698,79,0.0279,N/A,0.84,2.2,N/A,N/A,N/A,N/A,N/A,N/A,-99.099648,98.676131,49.535385,-237.688846,-9.622319,-99.114192,98.6925,49.553571,-237.720045,-9.640218,-99.162239,98.864327,49.562929,-237.989645,-9.599851,-99.162225,98.849634,49.560919,-237.97345,-9.599327,0.0096,0.00002,18,1,0.055555556,2.75E-08,1500,1500,190
Ne,[He]2s22p6,20.18,10,2,18,1,99,9,2,6,0,0,0,0,10,14,8,8,8,8,N/A,0,2.518,0.84,21.565,-1.244,N/A,11.3,N/A,N/A,N/A,N/A,4.789,4.89,13.37,N/A,98,0.38,0.69,1.14,1.02,1.31,1.54,1.67,0.96,0.58,0.38,0.354,N/A,N/A,0.396,24.45,25.15,0.0009,0.904,0.3317,1.7326,0,0.0493,N/A,0.02,N/A,N/A,N/A,N/A,N/A,N/A,N/A,-128.233481,127.738667,65.726488,-309.988206,-11.71043,-128.233481,127.738667,65.726488,-309.988206,-11.71043,-128.336403,128.048273,65.77074,-310.476301,-11.679115,-128.336369,128.024308,65.767675,-310.449994,-11.678358,0.04,0.00059,19,3,0.157894737,0.000112182,N/A,N/A,33
Na,[Ne]3s1,22.99,11,3,1,0,2,1,1,0,0,0,1,6,10,14,1,1,1,1,1,1,1.842,2.584,5.139,0.549,2.85,2.438,0.93,0.89,2.85,0.93,0.869,0.95,2.64,0.9,1.08,1.9,1.54,1.16,0.72,1.8,2.27,2.65,1.16,1.66,1.8,1.713,1.896,1.572,23.6,370.95,1156.15,0.971,1.23,2.598,96.96,109,141,0.00007,1.113,6.8,3.3,10,N/A,0.00069,4.70E-08,21000000,-161.44006,160.896571,79.732497,-388.546372,-13.522757,-161.447625,160.907255,79.784904,-388.606022,-13.533763,-161.601691,161.382981,79.804831,-389.308645,-13.480857,-161.601623,161.344619,79.799934,-389.266444,-13.479731,0.53,0.0007,20,1,0.05,1.87E-06,1102,500,7
Mg,[Ne]3s2,24.305,12,3,2,0,68,2,2,0,0,0,0,6,10,14,2,2,2,2,2,2,2.248,0.674,7.646,-0.414,3.75,3.611,1.31,1.31,3.75,1.31,1.293,1.32,3.93,1.2,2.35,1.45,1.3,0.86,0.54,1.6,1.73,2.03,0.86,1.41,1.5,1.279,1.598,1.364,10.6,922.15,1363.15,1.74,1.02,8.954,127.4,148,156,0.0000248,1.51,35.6,17,45,N/A,0.26,4.40E-08,23000000,-199.139406,198.541505,95.67329,-477.899149,-15.455051,-199.139406,198.541505,95.67329,-477.899149,-15.455051,-199.382965,199.274807,95.78447,-479.041925,-15.400316,-199.382839,199.215426,95.777042,-478.976612,-15.398695,0.063,0.0001,22,3,0.136363636,3.50E-05,5259,500,3.7
Al,[Ne]3s23p1,26.982,13,3,13,1,73,5,2,1,0,0,0,5,10,14,3,3,3,3,3,3,1.989,0.761,5.986,0.435,3.23,4.639,1.61,1.64,3.23,1.61,1.613,1.55,5.89,1.5,4.35,1.18,1.18,0.68,0.4,1.41,1.84,1.68,0.53,1.21,1.25,1.312,1.429,1.248,8.3,933.15,2740.15,2.7,0.9,10.79,293.4,326,237,0.0000231,3.39,75.2,26,70,0.167,0.245,0.000000026,38000000,-241.315573,240.663489,112.670733,-577.205757,-17.444038,-241.321156,240.670669,112.705697,-577.245289,-17.452233,-241.669323,241.729117,112.827267,-578.851985,-17.373722,-241.669101,241.64091,112.816539,-578.755072,-17.371477,0.233,0.03,22,1,0.045454545,2.77E-06,1569,1000,1.8
Si,[Ne]3s23p2,28.086,14,3,14,1,78,6,2,2,0,0,0,4,10,14,4,4,4,4,4,4,2.321,0.652,8.152,1.388,4.77,5.524,1.9,1.98,4.77,1.9,1.916,1.87,6.8,1.8,7.26,1.11,1.11,0.54,0.44,1.1,2.1,1.42,0.4,0.11,1.1,1.068,1.316,1.173,5.4,1683.15,2628.15,2.33,0.71,50.55,384.22,452,148,0.0000026,4.63,98,60,47,9.6301303,2.3,0.001,1000,-288.198397,287.48774,131.767814,-687.900675,-19.553276,-288.222945,287.518355,131.881748,-688.036467,-19.586581,-288.696925,288.990326,131.982541,-690.205114,-19.464678,-288.696551,288.863348,131.967556,-690.0658,-19.461655,0.166,0.0002,23,3,0.130434783,3.26E-05,4708,1000,5.4
P,[Ne]3s23p3,30.974,15,3,15,1,83,7,2,3,0,0,0,3,10,14,5,5,5,5,3,3,3.412,5.752,10.487,0.746,5.62,6.341,2.19,2.32,5.62,2.19,2.253,2.22,8.33,2.1,11.2,0.98,1.06,0.58,1.84,1.02,1.8,1.24,0.31,1.07,1,0.919,1.28,1.1,3.6,317.25,553.15,1.82,0.77,0.657,12.129,315,0.235,N/A,3.43,30.4,N/A,N/A,N/A,N/A,0.0000001,10000000,-339.946219,339.173459,153.065007,-810.4001,-21.784585,-340.005794,339.246155,153.286547,-810.676999,-21.861498,-340.631017,341.238665,153.353051,-813.54795,-21.674782,-340.630409,341.06068,153.332668,-813.352953,-21.670803,0.18,0.0002,23,1,0.043478261,3.39E-07,1951,5063,4
S,[Ne]3s23p4,32.066,16,3,16,1,88,7,2,4,0,0,0,2,10,14,6,6,6,6,2,2,2.617,5.787,10.36,2.072,6.22,6.838,2.58,2.65,6.22,2.58,2.589,2.49,11.88,2.53,16.4,0.88,1.02,1.7,1.81,1.03,1.8,1.1,0.43,1.05,1,0.81,1.27,1.04,2.9,385.95,717.85,2.07,0.71,1.7175,9.8,279,0.269,N/A,2.85,7.7,N/A,N/A,N/A,N/A,1.00E+15,1.00E-15,-396.716081,395.878143,176.68795,-945.141155,-24.141019,-396.743948,395.911428,176.770628,-945.250263,-24.175741,-397.636285,398.654968,177.067057,-949.351433,-24.006876,-397.635327,398.411116,177.039936,-949.084638,-24.001741,0.52,0.00055,24,4,0.166666667,1.68E-05,737,1000,24
Cl,[Ne]3s23p5,35.453,17,3,17,1,94,8,2,5,0,0,0,1,10,14,7,7,7,7,1,0,2.928,0.517,12.968,3.618,8.3,7.292,3.16,2.98,8.3,3.16,2.869,2.82,14.06,2.97,23,0.79,0.99,1.67,1.38,1.05,1.75,1.01,1.67,1.02,1,0.725,N/A,0.994,2.2,172.15,238.55,0.00321,0.48,3.23,10.2,121,0.0089,N/A,1.4,1.1,N/A,N/A,N/A,N/A,100,0.01,-458.664179,457.758293,202.772337,-1092.568993,-26.625816,-458.671463,457.766864,202.790718,-1092.594365,-26.63468,-459.877336,461.421464,203.263193,-1098.098008,-26.463985,-459.87587,461.093903,203.227774,-1097.740075,-26.457471,35.3,0.033,24,2,0.083333333,1.71E-07,1500,1500,0.15
Ar,[Ne]3s23p6,39.948,18,3,18,1,100,9,2,6,0,0,0,0,10,14,8,8,8,8,N/A,0,3.228,0.469,15.76,-0.995,N/A,7.652,N/A,N/A,N/A,N/A,3.242,3.18,12.55,N/A,31.2,0.71,0.97,1.88,1.3,1.75,1.88,2.57,1.88,1.06,0.71,0.659,N/A,N/A,1.586,83.95,87.45,0.00178,0.52,1.188,6.447,0,0.01772,N/A,0.08,N/A,N/A,N/A,N/A,N/A,N/A,N/A,-525.946195,524.969812,231.458124,-1253.131982,-29.242149,-525.946195,524.969812,231.458124,-1253.131982,-29.242149,-527.519049,529.722274,232.084684,-1260.276935,-29.049073,-527.516861,529.289796,232.039165,-1259.80489,-29.040931,0.66,0.00059,24,3,0.125,3.29E-06,N/A,N/A,0.5
K,[Ar]4s1,39.098,19,4,1,0,3,1,1,0,0,0,1,6,10,14,1,1,1,1,1,1,1.694,0.894,4.341,0.497,2.42,2.003,0.82,0.8,2.42,0.82,0.734,0.84,2.48,0.8,0.467,2.43,1.96,1.52,1.38,2.3,2.75,3.69,1.52,2.03,2.2,2.162,2.349,2.025,43.4,336.4,1033.15,0.86,0.75,2.334,79.87,90,102.4,8.30E-05,0.934,3.2,1.3,3.53,N/A,0.000363,7.00E-08,14000000,-598.20059,597.17213,257.381524,-1421.104115,-31.650129,-598.206032,597.179968,257.437,-1421.164934,-31.658067,-600.211193,603.251432,258.181811,-1430.22181,-31.422626,-600.208027,602.687891,258.123548,-1429.606938,-31.412527,2.1,0.0018,24,2,0.083333333,1.23E-07,1738,7201,85
Ca,[Ar]4s2,40.078,20,4,2,0,7,2,2,0,0,0,0,6,10,14,2,2,2,2,2,2,2.68,1.004,6.113,0.021,2.2,2.697,1,1.17,2.2,1,1.034,1.11,2.19,1,1.02,1.94,1.74,1.14,1,2.01,2.31,3,1.14,1.76,1.8,1.69,1.97,1.736,22.8,1112.15,1757.15,1.55,0.63,8.54,153.3,178,200,0.0000223,1.84,17.2,7.4,20,N/A,0.167,3.40E-08,29000000,-675.742283,674.657334,285.20613,-1601.463209,-34.142538,-675.742283,674.657334,285.20613,-1601.463209,-34.142538,-678.279346,682.333976,286.211793,-1612.948417,-33.876698,-678.274863,681.609187,286.138343,-1612.158072,-33.864321,0.43,0.00037,24,5,0.208333333,1.99E-06,3860,1500,11
Sc,[Ar]4s23d1,44.956,21,4,3,2,11,3,2,0,1,0,0,6,9,14,3,3,2,1,3,3,2.777,0.969,6.562,0.187,3.34,2.857,1.36,1.5,3.34,1.36,1.19,1.17,1.83,1.3,1.18,1.84,1.44,0.89,0.75,1.62,2.3,2.75,0.89,1.7,1.6,1.57,1.62,1.439,17.8,1814.15,3105.15,2.99,0.6,14.1,314.2,378,15.8,0.0000102,3.9,56.6,29,74,N/A,0.75,0.00000055,1800000,-758.679275,757.5252,318.555762,-1797.853811,-36.906426,-758.685248,757.532115,318.60574,-1797.907745,-36.915357,-761.836473,767.085779,319.734188,-1812.061408,-36.595031,-761.830251,766.171674,319.643878,-1811.065621,-36.580182,27.2,0.025,25,1,0.04,1.12E-09,5500,4500,1400
Ti,[Ar]4s23d2,47.867,22,4,4,2,43,4,2,0,2,0,0,6,8,14,4,4,2,2,4,4,2.833,0.95,6.828,0.083,3.45,3.004,1.54,1.86,3.45,1.54,1.38,1.23,2.28,1.6,1.37,1.76,1.36,1,0.86,1.42,2.15,2.58,0.75,1.6,1.4,1.477,1.467,1.324,14.6,1933.15,3560.15,4.54,0.52,15.45,421,470,21.9,0.0000086,4.85,108,44,116,0.97,0.715,0.0000004,2500000,-847.277216,846.050533,355.232355,-2008.740849,-39.819256,-847.303463,846.080558,355.394778,-2008.923404,-39.855395,-851.162463,857.825375,356.620978,-2026.150639,-39.458177,-851.153978,856.687119,356.511854,-2024.912351,-39.440599,6.1,0.0044,26,5,0.192307692,7.83E-08,1119,1552,6.1
V,[Ar]4s23d3,50.942,23,4,5,2,46,4,2,0,3,0,0,6,7,14,5,5,2,3,5,5,2.816,0.956,6.746,0.529,3.6,3.148,1.63,2.22,3.6,1.63,1.53,1.27,2.42,1.9,1.58,1.71,1.25,0.93,0.79,1.34,2.05,2.43,0.68,1.53,1.35,1.401,1.338,1.224,12.4,2163.15,3653.15,6.11,0.49,20.9,453,514,30.7,0.0000084,5.31,158,47,128,0.628,0.628,0.0000002,5000000,-758.679275,757.5252,318.555762,-1797.853811,-36.906426,-941.742204,940.448753,395.485129,-2234.721054,-42.955032,-946.412584,954.735363,396.792977,-2255.484723,-42.456201,-946.401188,953.333535,396.662692,-2253.961805,-42.43561,5.06,0.0033,26,1,0.038461538,9.56E-09,3266,3397,220
Cr,[Ar]4s13d5,51.996,24,4,6,2,49,4,1,0,5,0,1,6,5,14,6,6,1,4,2.9,5.78,2.82,0.955,6.767,0.674,3.72,3.295,1.66,2,3.72,1.66,1.65,1.29,2.72,2.2,1.8,1.66,1.27,0.87,0.8,1.3,2,2.44,0.76,1.39,1.4,1.453,1.357,1.172,11.6,2130.15,2945.15,7.19,0.45,16.9,344.3,397,93.7,0.0000049,4.1,160,115,279,1.06,1.12,0.00000013,7900000,-1042.030238,1040.642716,441.867987,-2478.305541,-46.2354,-1042.218348,1040.859934,442.88611,-2479.487016,-46.477376,-1047.738289,1057.972206,443.665838,-2503.6209,-45.755433,-1047.723197,1056.270005,443.512785,-2501.774322,-45.731664,3.1,0.0021,26,4,0.153846154,4.40E-07,3103,4053,10
Mn,[Ar]4s23d5,54.938,25,4,7,2,52,4,2,0,5,0,0,6,5,14,7,7,2,5,4.16,5.78,2.956,0.911,7.434,-0.518,3.72,3.435,1.55,2.04,3.72,1.55,1.75,1.36,2.01,2.6,2.05,1.61,1.39,0.81,0.83,1.32,1.96,2.22,0.81,1.32,1.4,1.278,1.306,1.168,9.4,1517.15,2235.15,7.43,0.48,12.05,226,281,7.82,0.0000217,2.92,92.6,76.4,198,N/A,0.196,0.0000016,620000,-1148.449372,1146.990867,485.085158,-2731.133992,-49.391406,-1148.644093,1147.208134,485.852669,-2732.070736,-49.63416,-1155.294212,1167.790159,487.295552,-2761.529143,-48.85078,-1155.274475,1165.723342,487.114939,-2759.289515,-48.823241,13.3,0.0083,26,1,0.038461538,3.11E-07,1593,1790,1.7
Fe,[Ar]4s23d6,55.847,26,4,8,2,55,4,2,0,6,0,0,6,4,14,8,8,2,5,5.78,5.78,3.048,2.777,7.902,0.156,4.06,3.584,1.83,1.67,4.06,1.83,1.8,1.4,3.9,2.76,2.31,1.56,1.25,0.75,0.78,1.25,1.59,2.11,0.69,1.32,1.4,1.227,1.26,1.165,8.4,1808.15,3023.15,7.86,0.44,13.8,349.6,418,80.2,0.0000118,4.28,166,82,211,0.608,0.49,9.70E-08,10000000,-1261.093056,1259.553429,535.295832,-3003.082484,-52.859833,-1261.223291,1259.697871,535.733366,-3003.635009,-53.019519,-1269.22908,1284.299765,537.849537,-3039.130268,-52.248113,-1269.203563,1281.820878,537.639306,-3036.447136,-52.216611,2.56,0.0015,28,4,0.142857143,2.94E-05,2424,1373,6.7
Co,[Ar]4s23d7,58.933,27,4,9,2,58,4,2,0,7,0,0,6,3,14,9,9,2,4,5.78,5.78,3.046,0.885,7.881,0.664,4.3,3.731,1.88,1.72,4.3,1.88,1.84,1.44,3.03,3.13,2.6,1.52,1.26,0.79,0.75,1.25,2,2.02,0.54,1.26,1.35,1.181,1.252,1.157,7.5,1768.15,3143.15,8.9,0.42,16.19,376.5,425,100,0.000013,4.39,182,76,209,1.043,0.7,6.00E-08,17000000,-1380.091264,1378.468819,589.169216,-3291.260194,-56.469106,-1380.167299,1378.552711,589.39503,-3291.553847,-56.561193,-1389.695823,1407.71069,592.105098,-3333.731437,-55.780174,-1389.663179,1404.758937,591.861977,-3330.539729,-55.744364,37.2,0.021,29,1,0.034482759,7.34E-08,3052,2655,21
Ni,[Ar]4s23d8,58.693,28,4,10,2,61,4,2,0,8,0,0,6,2,14,10,10,2,3,5.78,5.78,2.996,0.898,7.64,1.161,4.4,3.858,1.91,1.76,4.4,1.91,1.88,1.47,3.48,3.33,2.92,1.49,1.21,0.74,0.6,1.28,1.63,2.18,0.7,1.24,1.35,1.139,1.244,1.149,6.8,1726.15,3003.15,8.9,0.44,17.47,370.4,430,90.7,0.0000134,4.44,177,76,200,0.638,0.7,7.00E-08,14000000,-1505.580197,1503.873332,646.833302,-3596.066045,-60.220786,-1505.615106,1503.911671,646.926967,-3596.191094,-60.26265,-1516.846867,1538.21079,650.193085,-3645.80252,-59.448222,-1516.805505,1534.719054,649.913565,-3642.030376,-59.407749,4.5,0.0026,31,5,0.161290323,1.61E-06,988,1479,7.7
Cu,[Ar]4s13d10,63.546,29,4,11,2,64,4,1,0,10,0,1,6,0,14,11,11,1,2,5.44,5.44,3.013,0.893,7.726,1.234,4.48,4.003,1.9,1.08,4.48,1.9,1.85,1.51,2.91,2.2,3.25,1.45,1.38,0.87,0.77,1.27,1.4,2.04,0.71,1.32,1.35,1.191,1.276,1.173,6.7,1356.15,2840.15,8.96,0.38,13.05,300.3,338,401,0.0000165,3.49,138,48,130,0.369,0.874,0.000000017,59000000,-1637.785861,1635.9828,713.928477,-3923.329381,-64.367756,-1637.793358,1635.992614,713.999508,-3923.406957,-64.378522,-1650.910397,1676.025731,717.548365,-3980.987851,-63.496642,-1650.858424,1671.934488,717.231695,-3976.573203,-63.451404,3.78,0.0021,29,2,0.068965517,1.70E-08,1576,1524,2.7
Zn,[Ar]4s23d10,65.38,30,4,12,2,69,4,2,0,10,0,0,6,0,14,12,12,2,1,4.44,4.44,3.322,0.81,9.394,-0.622,4.45,4.133,1.65,1.44,4.45,1.65,1.59,1.46,3.13,1.2,3.61,1.42,1.31,0.88,0.74,1.4,1.39,1.88,0.74,1.22,1.35,1.065,1.379,1.249,6.4,692.75,1179.15,7.13,0.39,7.322,115.3,131,116,0.0000302,1.35,69.4,43,108,8.01203305,0.412,5.90E-08,17000000,-1776.57385,1774.693645,774.056522,-4257.166094,-68.157922,-1776.57385,1774.693645,774.056522,-4257.166094,-68.157922,-1791.814585,1821.24327,778.401582,-4324.261826,-67.197611,-1791.749887,1816.442682,778.037755,-4319.083631,-67.146693,1.1,0.00055,30,5,0.166666667,4.11E-08,1574,1895,3.7
Ga,[Ar]4s23d104p1,69.723,31,4,13,1,74,5,2,1,10,0,0,5,0,14,3,13,3,3,3.44,3.44,2.655,1.014,5.999,0.425,3.2,4.664,1.81,1.7,3.2,1.81,1.756,1.56,3.3,1.4,5.49,1.36,1.26,0.76,0.62,1.34,1.87,1.7,0.76,1.22,1.3,1.254,1.408,1.245,8.1,302.95,2676.15,5.9,0.37,5.59,258.7,286,40.6,0.0000012,2.81,56.9,N/A,N/A,N/A,0.06,0.00000014,7100000,-1921.846456,1919.894783,833.754978,-4603.576824,-71.919393,-1921.851924,1919.901853,833.82778,-4603.654197,-71.92736,-1939.453568,1973.731946,838.82376,-4681.14788,-70.861393,-1939.373561,1968.130697,838.406098,-4675.106069,-70.804286,2.9,0.0015,31,2,0.064516129,1.23E-09,5500,1895,220
Ge,[Ar]4s23d104p2,72.63,32,4,14,1,79,6,2,2,10,0,0,4,0,14,4,14,4,4,4,4,3.046,0.884,7.899,1.234,4.6,5.132,2.01,1.99,4.6,2.01,1.994,1.81,4.24,1.7,7.92,1.25,1.22,0.87,0.73,1.14,2.11,1.56,0.53,1.2,1.25,1.09,1.366,1.223,6.1,1220.55,3103.15,5.32,0.32,36.94,330.9,377,59.9,0.000006,3.85,77.2,N/A,N/A,N/A,7.273402499,0.0005,2000,-2073.807332,2071.782093,895.945638,-4965.789424,-75.74564,-2073.82986,2071.810411,896.161607,-4966.025799,-75.776078,-2094.057595,2133.772372,901.81992,-5055.066254,-74.583632,-2093.959277,2127.263869,901.341795,-5048.04518,-74.519761,2.2,0.0011,32,4,0.125,3.88E-09,5267,1895,360
As,[Ar]4s23d104p3,74.922,33,4,15,1,84,6,2,3,10,0,0,3,0,14,5,15,5,5,3,3,3.396,0.884,9.789,0.806,5.3,5.537,2.18,2.27,5.3,2.18,2.211,2.11,4.94,2,11.1,1.14,1.19,0.72,0.58,1.15,1.85,1.42,0.72,1.19,1.15,1.001,1.39,1.21,4.3,1090.15,890.15,5.73,0.33,27.7,34.76,302,50,N/A,2.96,38.3,N/A,8,N/A,1.44,0.0000003,3300000,-2232.534978,2230.434545,960.716547,-5344.04275,-79.643321,-2232.587154,2230.498886,961.107904,-5344.483402,-79.710543,-2255.727328,2301.515332,967.480227,-5446.352337,-78.37055,-2255.607224,2293.982566,966.934286,-5438.224764,-78.299312,4.2,0.002,33,1,0.03030303,2.14E-10,3337,4000,320
Se,[Ar]4s23d104p4,78.971,34,4,16,1,89,7,2,4,10,0,0,2,0,14,6,16,6,6,2,2,3.385,0.795,9.752,2.021,5.89,5.875,2.55,2.54,5.89,2.55,2.434,2.31,4.82,2.4,14.7,1.03,1.16,1.84,1.98,1.18,1.9,1.29,0.56,1.2,1.15,0.918,1.4,1.17,3.8,490.15,958.15,4.79,0.32,6.694,37.7,227,0.52,N/A,2.46,8.3,3.7,10,N/A,0.736,N/A,N/A,-2398.11144,2395.934307,1028.192719,-5738.619928,-83.618538,-2398.13493,2395.962682,1028.331555,-5738.781414,-83.647752,-2424.56813,2477.11889,1035.936588,-5855.395556,-82.228052,-2424.422236,2468.433596,1035.314833,-5846.021845,-82.14882,11.7,0.0056,30,5,0.166666667,2.03E-09,2225,1910,14
Br,[Ar]4s23d104p5,79.904,35,4,17,1,95,8,2,5,10,0,0,1,0,14,7,17,7,7,1,0,3.726,0.723,11.814,3.368,7.59,6.166,2.96,2.83,7.59,2.96,2.685,2.56,7.35,2.75,19.3,0.94,1.14,1.82,1.96,1.2,1.85,1.2,1.82,1.2,1.15,0.851,N/A,1.142,3.1,265.95,331.95,3.12,0.473,5.286,15.438,112,0.122,N/A,1.22,1.9,N/A,N/A,N/A,N/A,10000000000,1.00E-10,-2570.6207,2568.365427,1098.492305,-6149.802515,-87.675917,-2570.626651,2568.37252,1098.52183,-6149.837853,-87.683149,-2600.688476,2660.74718,1107.31508,-6282.590113,-86.160623,-2600.512192,2650.768984,1106.60884,-6271.817272,-86.072744,6.8,0.002,31,2,0.064516129,3.85E-10,3299,6880,4.9
Kr,[Ar]4s23d104p6,83.798,36,4,18,1,101,9,2,6,10,0,0,0,0,14,8,18,8,8,N/A,0,4.056,0.664,14,-0.622,N/A,6.392,3,N/A,N/A,N/A,2.966,2.82,9.59,N/A,24.6,0.88,1.1,1.66,1.36,1.88,2.02,2.91,2.1,1.16,0.88,0.795,N/A,N/A,2.5,116.15,121.15,0.00374,0.248,1.638,9.029,0,0.00949,N/A,0.116,N/A,N/A,N/A,N/A,N/A,N/A,N/A,-2750.14794,2747.813142,1171.723688,-6577.865761,-91.819009,-2750.14794,2747.813142,1171.723688,-6577.865761,-91.819009,-2784.199238,2852.569866,1181.732417,-6728.329838,-90.171683,-2783.9873,2841.14538,1180.932299,-6715.990502,-90.074477,25,0.013,32,6,0.1875,1.47E-09,N/A,N/A,33
Rb,[Kr]5s1,85.468,37,5,1,0,4,1,1,0,0,0,1,6,10,14,1,1,1,1,1,1,2.769,1.519,4.177,0.487,2.34,2.014,0.82,0.8,2.34,0.82,0.706,0.83,1.05,0.78,0.342,2.65,2.11,1.66,1.52,2.44,2.9,4.1,1.66,2.2,2.35,2.287,2.48,2.16,47.3,312.05,959.15,1.53,0.363,2.192,72.216,86,58.2,0.000009,0.852,3.1,N/A,2.4,N/A,0.000216,0.00000012,8300000,-2936.337293,2933.940454,1239.168864,-7013.68955,-95.757061,-2936.34216,2933.94749,1239.25849,-7013.783989,-95.76415,-2974.774466,3052.34749,1250.536581,-7183.686413,-93.972124,-2974.52126,3039.307683,1249.631696,-7169.595831,-93.864809,0.38,0.0003,32,1,0.03125,2.31E-10,6000,6000,1200
Sr,[Kr]5s2,87.62,38,5,2,0,8,2,2,0,0,0,0,6,10,14,2,2,2,2,2,2,3.234,1.301,5.695,0.052,2,2.585,0.95,1.13,2,0.95,0.963,1.06,1.63,1,0.744,2.19,1.92,1.32,1.18,2.12,2.55,3.21,1.32,1.95,2,1.836,2.148,1.914,27.6,1042.15,1657.15,2.63,0.3,8.3,144,164,35.3,0.0000225,1.72,12,6.1,N/A,N/A,N/A,0.00000013,7700000,-3129.453161,3126.990706,1308.954372,-7465.641817,-99.756422,-3129.453161,3126.990706,1308.954372,-7465.641817,-99.756422,-3172.705798,3260.414661,1321.799184,-7657.093368,-97.826276,-3172.404762,3245.575881,1320.77952,-7641.052032,-97.70813,1.2,0.0005,33,4,0.121212121,7.66E-10,4179,3000,100
Y,[Kr]5s24d1,88.906,39,5,3,2,12,3,2,0,1,0,0,6,9,14,3,3,2,1,3,3,3.379,1.245,6.217,0.311,3.19,2.724,1.22,1.41,3.19,1.22,1.12,1.11,1.76,1.3,0.868,2.12,1.62,1.04,0.9,1.79,2.4,2.94,1.04,1.9,1.85,1.693,1.797,1.616,22.7,1796.15,3610.15,4.47,0.3,11.4,363,423,17.2,0.0000106,4.37,41.2,26,64,N/A,0.588,0.00000057,1800000,-3329.520604,3326.984254,1384.603788,-7937.187681,-103.920964,-3329.525142,3326.989782,1384.663406,-7937.250826,-103.927504,-3378.030204,3476.837608,1398.70321,-8151.743067,-101.827955,-3377.673981,3460.017556,1397.559798,-8133.552916,-101.698418,1.28,0.00059,33,1,0.03030303,1.51E-10,9834,2646,220
Zr,[Kr]5s24d2,91.224,40,5,4,2,44,4,2,0,2,0,0,6,8,14,4,4,2,2,4,4,3.401,1.205,6.634,0.425,3.64,2.849,1.33,1.7,3.64,1.33,1.32,1.17,1.73,1.6,1,2.06,1.48,0.86,0.72,1.58,2.38,2.83,0.86,1.75,1.55,1.593,1.597,1.454,17.9,2125.15,4650.15,6.51,0.27,16.9,582,609,22.7,0.0000057,6.25,89.8,33,67,0.904,0.65,0.00000042,2400000,-3536.737751,3534.12421,1464.236106,-8426.900586,-108.19748,-3536.757227,3534.14755,1464.408352,-8427.089908,-108.22322,-3590.981773,3701.937131,1479.762803,-8666.747028,-105.934679,-3590.562114,3682.931961,1478.485579,-8646.186552,-105.793101,0.184,0.00066,33,4,0.121212121,3.72E-10,3410,2595,16
Nb,[Kr]5s14d4,92.906,41,5,5,2,47,4,1,0,4,0,1,6,6,14,5,5,1,3,5,5,3.523,1.195,6.759,0.923,4,2.974,1.6,2.03,4,1.83,1.41,1.21,1.68,1.8,1.15,1.98,1.37,0.86,0.72,1.43,2.15,2.76,0.78,1.64,1.45,1.589,1.456,1.342,15.7,2741.15,5015.15,8.57,0.26,26.4,682,726,53.7,0.0000073,7.57,170,38,105,1.32,0.736,0.00000015,6700000,-3751.196175,3748.49657,1551.501122,-8938.494135,-112.699732,-3751.295618,3748.618193,1552.282731,-8939.372358,-112.824183,-3811.664288,3935.847422,1568.219778,-9205.483401,-110.248086,-3811.171973,3914.455159,1566.800053,-9182.333202,-110.093984,1.15,0.0004,33,1,0.03030303,2.28E-11,8525,8792,18
Mo,[Kr]5s14d5,95.95,42,5,6,2,50,4,1,0,5,0,1,6,5,14,6,6,1,4,5.78,5.78,3.609,1.166,7.092,0.747,3.9,3.099,2.16,1.94,3.9,2.16,1.47,1.26,2.07,2.1,1.32,1.9,1.45,0.83,0.69,1.39,2.075,2.72,0.79,1.54,1.45,1.52,1.386,1.291,12.8,2890.15,4885.15,10.2,0.25,32,598,658,138,0.0000048,6.82,261,20,329,1.53,1.5,5.00E-08,20000000,-3973.013235,3970.231601,1638.977454,-9465.024542,-117.197748,-3973.162595,3970.410767,1640.031844,-9466.223355,-117.381851,-4040.261934,4178.913186,1657.347402,-9761.964341,-114.558181,-4039.686653,4154.87986,1655.771331,-9735.947166,-114.390678,2.6,0.0009,33,6,0.181818182,8.32E-11,2410,5260,11
Tc,[Kr]5s24d5,97.907,43,5,7,2,53,4,2,0,5,0,0,6,5,14,7,7,2,5,5.78,5.78,3.655,1.151,7.28,0.55,4.4,3.224,1.9,2.18,4,2.12,1.51,1.3,1.96,2.27,1.5,1.83,1.56,0.79,0.65,1.36,2.05,2.65,0.79,1.47,1.35,1.391,N/A,N/A,11.4,2445.15,5150.15,11.5,0.21,24,660,677,50.6,N/A,6.85,281,N/A,N/A,N/A,N/A,0.0000002,5000000,-4202.188857,4199.331793,1724.900741,-10004.79062,-121.630774,-4202.325611,4199.49017,1725.578215,-10005.59873,-121.79527,-4276.816006,4431.276336,1745.476452,-10334.76196,-118.806839,-4276.1463,4404.321224,1743.727394,-10305.56998,-118.62494,22,N/A,34,0,0,3.26E-11,N/A,N/A,N/A
Ru,[Kr]5s14d7,101.07,44,5,8,2,56,4,1,0,7,0,1,6,3,14,8,8,1,5,5.78,5.78,3.676,1.144,7.361,1.047,4.5,3.336,2.2,1.97,4.5,2.15,1.54,1.35,1.93,2,1.69,1.78,1.26,0.82,0.68,1.34,2.05,2.61,0.82,1.46,1.3,1.41,1.336,1.241,9.6,2583.15,4173.15,12.4,0.238,24,595,643,117,0.0000064,6.74,286,173,447,2.298138767,2.16,7.00E-08,14000000,-4438.981228,4436.031047,1824.80092,-10573.32364,-126.489556,-4439.044607,4436.105649,1825.194396,-10573.77908,-126.565569,-4521.54544,4693.065137,1846.844764,-10938.00916,-123.446179,-4520.768581,4662.961423,1844.917123,-10905.39743,-123.249697,2.6,0.0009,34,7,0.205882353,6.07E-11,3239,8000,1400
Rh,[Kr]5s14d8,102.906,45,5,9,2,59,4,1,0,8,0,1,6,2,14,9,9,1,4,5.78,5.78,3.701,1.137,7.459,1.14,4.3,3.461,2.28,1.99,4.3,2.28,1.56,1.39,1.72,2.26,1.9,1.73,1.35,0.81,0.67,1.32,2,2.52,0.81,1.42,1.35,1.364,1.342,1.247,8.6,2239.15,4000.15,12.4,0.242,21.5,493,556,150,0.000008,5.75,276,150,275,1.246,1.1,4.30E-08,23000000,-4683.301031,4680.264572,1923.261557,-11155.54306,-131.2841,-4683.334925,4680.304702,1923.496867,-11155.81152,-131.32497,-4774.469912,4964.562602,1947.339689,-11558.34786,-128.024344,-4773.571808,4930.989838,1945.215295,-11521.96468,-127.812259,145,0.063,34,1,0.029411765,1.12E-11,3239,8000,13000
Pd,[Kr]4d10,106.42,46,5,10,2,62,4,0,0,10,0,2,6,0,14,10,10,10,3,5.78,5.78,3.101,0.86,8.337,0.56,4.45,3.573,2.2,2.08,4.45,2.2,1.59,1.61,1.98,6.68,2.13,1.69,1.31,0.73,0.59,1.42,1.63,2.45,0.78,1.39,1.4,0.567,1.373,1.278,4.8,1827.15,3413.15,12,0.24,17.6,357,378,71.8,0.0000118,3.89,187,44,121,0.461,0.0372,0.0000001,10000000,-4935.368406,4932.234516,2031.645838,-11762.87581,-136.372955,-4935.368406,4932.234516,2031.645838,-11762.87581,-136.372955,-5035.797726,5245.950928,2057.310522,-12206.1887,-132.870481,-5034.762697,5208.615789,2054.981238,-12165.71734,-132.642382,6.9,0.0023,34,6,0.176470588,4.53E-11,3239,8000,15
Ag,[Kr]5s14d10,107.868,47,5,11,0,65,4,1,0,10,0,1,6,0,14,11,11,1,2,5.44,5.44,3.73,1.128,7.576,1.306,4.44,3.684,1.93,1.07,4.44,1.93,1.87,1.45,2.18,1.9,2.38,1.65,1.53,1.29,1.15,1.44,1.72,2.38,1.29,1.45,1.6,1.286,1.442,1.339,7.9,1235.15,2485.15,10.5,0.235,11.3,250.58,284,429,0.0000189,2.95,104,30,85,0.251,0.0245,0.000000016,62000000,-5195.031215,5191.8186,2131.618463,-12377.29448,-141.173794,-5195.037351,5191.826711,2131.701991,-12377.38354,-141.182511,-5305.487822,5537.467641,2160.192112,-12865.69646,-137.451114,-5304.298884,5495.98076,2157.628228,-12820.70232,-137.205548,63.6,0.02,38,2,0.052631579,1.58E-11,1229,1368,120
Cd,[Kr]5s24d10,112.411,48,5,12,0,70,4,2,0,10,0,0,6,0,14,12,12,2,1,4.44,4.44,4.064,1.035,8.994,-0.725,4.33,3.796,1.69,1.4,4.33,1.69,1.52,1.45,2.36,1.1,2.64,1.61,1.48,1.09,0.95,1.57,1.58,2.22,0.92,1.44,1.55,1.184,1.543,1.413,7.2,594.05,1038.15,8.65,0.23,6.192,99.57,112,96.8,0.0000308,1.16,51,19,50,N/A,0.203,7.00E-08,14000000,-5462.390982,5459.099922,2233.419308,-13008.90242,-146.007788,-5462.390982,5459.099922,2233.419308,-13008.90242,-146.007788,-5583.648689,5839.236393,2265.15185,-13545.9793,-142.057637,-5582.286913,5793.217213,2262.334423,-13496.04487,-141.793682,2450,1.4,38,6,0.157894737,5.25E-11,1676,1341,6
In,[Kr]5s24d105p1,114.818,49,5,13,1,75,5,2,1,10,0,0,5,0,14,3,13,3,3,3.44,3.44,3.259,1.29,5.786,0.301,3.1,4.253,1.78,1.63,3.1,1.78,1.656,1.52,2.48,1.4,4.02,1.56,1.44,0.94,0.8,1.55,1.93,2.05,0.94,1.42,1.55,1.382,1.66,1.497,9.7,429.75,2353.15,7.31,0.23,3.263,231.5,243,81.6,0.0000321,2.52,41.1,N/A,11,N/A,0.00883,8.00E-08,12000000,-5737.309064,5733.94412,2334.432447,-13654.87065,-150.814984,-5737.313809,5733.950328,2334.515886,-13654.95827,-150.821755,-5870.165899,6151.216822,2369.191647,-14243.95493,-146.619443,-5868.610083,6100.276039,2366.090371,-14188.64049,-146.336008,194,0.06,39,1,0.025641026,6.00E-12,3333,2000,120
Sn,[Kr]5s24d105p2,118.71,50,5,14,1,80,5,2,2,10,0,0,4,0,14,4,14,4,4,2.44,4,3.672,1.145,7.344,1.108,4.3,4.672,1.96,1.88,4.3,1.96,1.824,1.7,2.74,1.7,5.8,1.45,1.41,0.83,0.69,1.55,2.17,1.88,0.69,1.39,1.45,1.24,1.62,1.412,7.7,505.15,2543.15,7.31,0.227,7.029,295.8,302,66.6,0.000022,3.14,58.2,18,50,N/A,0.051,0.00000011,9100000,-6019.953353,6016.512431,2438.225987,-14319.01448,-155.677296,-6019.972345,6016.536637,2438.47116,-14319.27747,-155.70267,-6165.265632,6473.77444,2476.231135,-14964.04407,-151.22714,-6163.492534,6417.478715,2472.824352,-14902.87234,-150.923266,0.62,0.0002,39,10,0.256410256,1.25E-10,2591,1639,8
Sb,[Kr]5s24d105p3,121.76,51,5,15,1,85,6,2,3,10,0,0,3,0,14,5,15,5,5,3,3,3.984,1.183,8.608,1.043,4.85,5.02,2.05,2.14,4.85,2.05,1.984,1.88,6.29,1.8,8.04,1.33,1.38,0.9,0.76,1.55,2.06,1.77,0.9,1.39,1.45,1.193,1.59,1.41,6.6,904.15,2223.15,6.69,0.21,19.87,77.14,262,24.3,0.000011,2.75,38.3,20,55,N/A,0.294,0.0000004,2500000,-6310.376268,6306.85786,2544.726589,-15001.36474,-160.595974,-6310.419326,6306.911765,2545.16568,-15001.84569,-160.651084,-6469.046105,6807.128871,2586.194473,-15706.4882,-155.881254,-6467.030198,6745.014139,2582.457965,-15638.94635,-155.555956,5.4,0.0016,37,2,0.054054054,1.01E-11,7906,3419,4.5
Te,[Kr]5s24d105p4,127.6,52,5,16,1,90,6,2,4,10,0,0,2,0,14,6,16,6,6,2,2,4.067,1.034,9.01,1.97,5.49,5.325,2.1,2.38,5.49,2.52,2.158,2.08,4.98,2.1,10.8,1.23,1.35,2.07,2.21,1.4,2.06,1.67,1.11,1.38,1.4,1.111,1.6,1.37,5.5,722.65,1262.95,6.24,0.2,17.49,52.55,197,2.35,0.000018,2.19,65,16,43,N/A,0.18,0.0001,10000,-6608.631413,6605.034216,2653.969369,-15702.06148,-165.573522,-6608.650476,6605.057603,2654.124594,-15702.23554,-165.59713,-6781.608647,7151.508845,2699.126623,-16471.66008,-160.584032,-6779.321924,7083.078236,2695.03441,-16397.19825,-160.236317,5.4,0.0013,38,5,0.131578947,1.57E-10,2892,4934,24
I,[Kr]5s24d105p5,126.904,53,5,17,1,96,8,2,5,10,0,0,1,0,14,7,17,7,7,1,0,4.381,0.96,10.451,3.059,6.76,5.592,2.66,2.76,6.76,2.66,2.359,2.27,6.7,2.45,14.1,1.15,1.33,2.06,2.2,1.6,1.98,1.59,2.06,1.39,1.4,1.044,N/A,1.334,5,386.65,457.15,4.93,0.214,7.824,20.752,107,0.449,N/A,1.11,7.7,N/A,N/A,N/A,N/A,10000000,0.0000001,-6914.773092,6911.09591,2766.012734,-16421.26955,-170.612187,-6914.777857,6911.101681,2766.045523,-16421.3071,-170.61796,-7103.057179,7507.152121,2815.098395,-17259.97014,-165.337559,-7100.468962,7431.873857,2810.622805,-17177.9992,-164.966427,6.3,0.0018,37,1,0.027027027,2.94E-11,4887,4836,8.3
Xe,[Kr]5s24d105p6,131.293,54,5,18,1,102,9,2,6,10,0,0,0,0,14,8,18,8,8,N/A,0,4.719,0.891,12.13,-0.829,N/A,5.812,2.6,N/A,N/A,N/A,2.582,2.45,6.27,N/A,18,1.08,1.3,0.62,1.52,2.32,2.16,2.82,0.62,1.4,1.08,0.986,N/A,N/A,4,161.35,166.05,0.00589,0.158,2.297,12.636,0,0.00569,N/A,0.16,N/A,N/A,N/A,N/A,N/A,N/A,N/A,-7228.856107,7225.097817,2880.919348,-17159.15943,-175.713845,-7228.856107,7225.097817,2880.919348,-17159.15943,-175.713845,-7433.498065,7874.305721,2934.185566,-18071.84578,-170.14357,-7430.574788,7791.610919,2929.297187,-17981.73488,-169.748015,25,0.0083,38,9,0.236842105,1.53E-10,N/A,N/A,120
Cs,[Xe]6s1,132.905,55,6,1,0,5,1,1,0,0,0,1,6,10,14,1,1,1,1,1,1,3.209,1.888,3.894,0.476,2.18,N/A,0.79,0.77,2.18,0.79,0.659,0.79,N/A,0.75,0.281,2.98,2.25,1.81,1.67,2.64,3.43,4.31,1.81,2.44,2.6,2.518,2.67,2.35,59.6,301.55,942.15,1.87,0.24,2.092,67.74,79,35.9,0.000097,0.804,1.57,N/A,1.7,N/A,0.00014,0.0000002,5000000,-7550.55771,7546.734488,2988.242134,-17904.90606,-180.628271,-7550.561866,7546.740568,2988.348332,-17905.01643,-180.634333,-7772.66677,8252.878117,3046.118498,-18896.90815,-174.755239,-7769.373337,8162.159299,3040.791832,-18797.99028,-174.334186,29,0.0077,40,1,0.025,1.21E-11,6000,6000,1100
Ba,[Xe]6s2,137.327,56,6,2,0,9,2,2,0,0,0,0,6,10,14,2,2,2,2,2,2,3.712,1.632,5.212,0.145,2.4,N/A,0.89,1.08,2.4,0.89,0.881,0.98,N/A,0.9,0.612,2.53,1.98,1.49,1.35,2.23,2.68,3.4,1.49,2.15,2.15,2.06,2.215,1.981,39.7,998.15,1913.15,3.5,0.204,7.75,142,180,18.4,0.0000206,1.9,10.2,4.9,13,N/A,N/A,0.00000035,2900000,-7880.111578,7876.220134,3098.114585,-18668.85311,-185.593184,-7880.111578,7876.220134,3098.114585,-18668.85311,-185.593184,-8120.851149,8643.291997,3160.859674,-19745.59651,-179.406311,-8117.14838,8543.898187,3155.066584,-19637.15431,-178.958837,1.3,0.00027,40,7,0.175,1.46E-10,2973,2347,55
La,[Xe]6s25d1,138.906,57,6,3,2,13,3,2,0,1,0,0,6,9,14,3,3,2,1,3,3,3.84,1.577,5.577,0.466,3.1,N/A,1.1,1.35,3.1,1.1,1.09,1.04,N/A,1.2,1.13,1.95,1.69,1.17,1.03,1.87,2.5,3.08,1.36,2.07,1.95,1.915,1.871,1.69,31.1,1193.15,3727.15,6.15,0.19,6.2,414,423,13.5,0.0000121,4.47,27.9,14,37,0.491,0.363,0.00000061,1600000,-8217.57523,8213.607378,3215.018109,-19455.49476,-190.705955,-8217.579298,8213.612422,3215.065667,-19455.54608,-190.711308,-8478.132735,9045.718274,3282.143276,-20621.81673,-184.177552,-8473.978141,8936.988405,3275.859442,-20503.12293,-183.703061,8.98,0.0023,39,1,0.025641026,1.45E-11,9476,3129,64
Ce,[Xe]6s24f15d1,140.115,58,6,3,3,15,3,2,0,1,1,0,6,9,13,3,4,2,3,3.2,3.2,3.774,1.583,5.539,6.586,N/A,N/A,1.12,1.1,3.1,1.12,1.09,1.05,N/A,N/A,1.89,1.85,1.65,1.15,1.01,1.82,2.48,4.5,1.15,2.04,1.85,1.978,1.818,1.646,29.6,1071.15,3530.15,6.66,0.19,5.46,414,419,11.4,0.0000063,4.32,21.5,14,34,0.27,0.412,0.00000075,1400000,-8563.360285,8559.301423,3351.833535,-20278.17841,-196.316831,-8563.372995,8559.315999,3351.951026,-20278.30741,-196.332615,-8844.886564,9460.503125,3422.788864,-21538.76621,-189.412346,-8840.235965,9341.824041,3416.006087,-21409.15494,-188.911151,0.6,0.00021,39,4,0.102564103,3.70E-11,9476,3129,57
Pr,[Xe]6s24f3,140.908,59,6,3,3,17,3,2,0,0,3,0,6,10,11,3,5,2,3,3.1,3.1,3.8,1.594,5.473,0.966,N/A,N/A,1.13,1.1,3.1,1.13,1.09,1.06,N/A,N/A,2.92,2.47,1.65,1.13,0.99,1.83,2.47,4.48,1.32,2.03,1.85,1.942,1.824,1.648,28.2,1204.15,3290.15,6.77,0.19,6.89,296.8,356,12.5,0.0000067,3.7,28.8,15,37,0.4,0.481,0.0000007,1400000,-8917.664369,8913.501128,3508.213147,-21136.96521,-202.413435,-8917.715777,8913.557171,3508.76041,-21137.55232,-202.481035,-9221.365895,9888.073716,3581.618082,-22495.98099,-195.076708,-9216.171403,9758.787593,3574.336016,-22354.74568,-194.549335,11.4,0.0029,39,1,0.025641026,5.44E-12,9476,3129,170
Nd,[Xe]6s24f4,144.242,60,6,3,3,19,3,2,0,0,4,0,6,10,10,6,6,2,3,3.1,3.1,3.822,1.585,5.525,1.918,N/A,N/A,1.14,1.2,3.1,1.14,1.09,1.03,N/A,N/A,4.28,2.06,1.84,1.43,1.29,1.82,2.29,3.99,1.3,2.01,1.85,1.912,1.818,1.642,31.4,1289.15,3400.15,7,0.19,7.14,273,328,16.5,0.0000096,3.4,31.8,16,41,0.343,0.265,0.00000064,1600000,-9280.311037,9276.05444,3654.948015,-22003.0647,-208.248794,-9280.40567,9276.157337,3655.806961,-22004.00061,-208.369358,-9607.639211,10329.05612,3732.83407,-23469.01545,-200.513948,-9601.84576,10188.28491,3724.998433,-23315.17039,-199.958718,49,0.011,38,5,0.131578947,2.70E-11,9476,3129,110
Pm,[Xe]6s24f5,144.913,61,6,3,3,21,3,2,0,0,5,0,6,10,9,7,7,2,3,N/A,3,3.794,1.573,5.582,0.125,N/A,N/A,1.13,1.15,3.1,1.16,1.09,1.04,N/A,N/A,6,2.05,1.63,1.11,0.97,1.85,2.43,3.99,1.28,1.99,1.85,1.882,N/A,N/A,30.1,1315.15,3273.15,7.26,0.18,7.88,214,301,15,0.000011,3.2,33,18,46,0.41,0.44,0.00000075,1300000,-8917.664369,8913.501128,3508.213147,-21136.96521,-202.413435,-8917.715777,8913.557171,3508.76041,-21137.55232,-202.481035,-9221.365895,9888.073716,3581.618082,-22495.98099,-195.076708,-9216.171403,9758.787593,3574.336016,-22354.74568,-194.549335,8400,N/A,38,0,0,3.26E-11,9476,3129,N/A
Sm,[Xe]6s24f6,150.36,62,6,3,3,23,3,2,0,0,6,0,6,10,8,8,8,2,3,2.8,2.8,3.847,1.575,5.644,0.166,N/A,N/A,1.17,1.2,3.1,1.17,1.09,1.05,N/A,N/A,8.13,2.38,1.62,1.36,1.22,1.85,2.42,4.14,1.1,1.98,1.85,1.854,1.85,1.66,28.8,1347.15,2067.15,7.52,0.2,8.63,166.4,207,13.3,0.0000127,2.14,37.8,20,50,0.412,0.441,0.00000094,1100000,-10031.25909,10026.81273,3962.921783,-23800.75332,-220.24029,-10031.4837,10027.05576,3964.545812,-23802.56988,-220.515387,-10410.18058,11252.09677,4050.499508,-25501.10975,-211.667105,-10403.01064,11085.76408,4041.462756,-25319.18303,-211.054438,5900,4.7,38,5,0.131578947,8.42E-12,9476,3129,130
Eu,[Xe]6s24f7,151.965,63,6,3,3,25,3,2,0,0,7,0,6,10,7,9,9,2,3,2,2,3.871,1.565,5.67,0.86,N/A,N/A,1.2,1.15,3.1,1.18,1.09,1.06,N/A,N/A,10.7,2.31,1.85,1.31,1.17,1.96,2.4,3.94,1.31,1.98,1.85,1.826,2.084,1.85,27.7,1095.15,1802.15,5.24,0.18,9.21,143.5,178,13.9,0.000035,1.86,14.7,7.9,18,0.167,N/A,0.0000009,1100000,-10419.71078,10415.16816,4124.189856,-24732.67422,-226.394574,-10420.02315,10415.5054,4126.262363,-24735.01882,-226.772086,-10826.73244,11734.85217,4216.975716,-26561.18041,-217.379906,-10818.77529,11554.33129,4207.288219,-26363.65707,-216.737721,4570,0.6,38,2,0.052631579,3.17E-12,9476,3129,3600
Gd,[Xe]6s24f75d1,157.25,64,6,3,3,27,3,2,0,1,7,0,6,9,7,3,10,2,3,3,3,4.034,1.501,6.15,0.135,N/A,N/A,1.2,1.1,3.1,1.2,1.09,1.1,N/A,N/A,13.8,2.33,1.61,1.08,0.94,1.76,2.38,3.91,1.08,1.96,1.8,1.713,1.795,1.614,23.5,1586.15,3546.15,7.9,0.23,10.05,359.4,398,10.6,0.0000094,4.14,37.9,22,55,0.57,0.18,0.0000013,770000,-10816.65388,10812.02673,4273.725204,-25670.16534,-232.24047,-10817.01559,10812.4169,4275.692791,-25672.46298,-232.662302,-11253.52121,12232.34522,4373.774424,-27636.82258,-222.818285,-11244.70168,12036.50707,4363.353887,-27422.41821,-222.144431,49000,7.3,36,6,0.166666667,1.08E-11,9476,3129,191
Tb,[Xe]6s24f9,158.925,65,6,3,3,29,3,2,0,0,9,0,6,10,5,11,11,2,3,3,3,3.976,1.523,5.864,1.154,N/A,N/A,1.2,1.2,3.1,1.21,1.09,1.08,N/A,N/A,17.4,2.25,1.59,1.06,0.92,1.76,2.37,3.89,1.18,1.94,1.75,1.775,1.773,1.592,25.5,1638.15,3503.15,8.23,0.18,10.8,330.9,389,11.1,0.0000103,4.05,38.7,22,56,0.863,0.677,0.0000012,830000,-11222.94198,11218.20435,4461.481521,-26663.60914,-239.018708,-11223.10804,11218.38298,4462.363967,-26664.6398,-239.215183,-11691.12275,12744.67195,4565.424762,-28772.14567,-229.073799,-11681.36659,12532.65526,4554.327455,-28539.97812,-228.371181,23,0.009,36,1,0.027777778,1.97E-12,9476,3129,1800
Dy,[Xe]6s24f10,162.5,66,6,3,3,31,3,2,0,0,10,0,6,10,4,12,12,2,3,3,3,3.963,1.529,5.939,0.352,N/A,N/A,1.22,1.15,3.1,1.22,1.09,1.09,N/A,N/A,21.6,2.28,1.59,1.05,1.07,1.75,2.35,3.67,1.05,1.92,1.75,1.75,1.77,1.589,24.5,1685.15,2840.15,8.55,0.17,11.06,230.1,291,10.7,0.00001,3.04,40.5,25,61,0.54,0.5,0.00000091,1100000,-11637.86966,11633.03335,4637.607532,-27663.02195,-245.488603,-11637.97778,11633.14945,4638.134758,-27663.64641,-245.615571,-12139.25785,13272.51468,4747.510671,-29924.22927,-235.053929,-12128.47812,13043.05733,4735.651061,-29672.86601,-234.320497,950,0.2,36,7,0.194444444,1.29E-11,9476,3129,210
Ho,[Xe]6s24f11,164.93,67,6,3,3,33,3,2,0,0,11,0,6,10,3,13,13,2,3,3,3,3.994,1.517,6.022,0.342,N/A,N/A,1.23,1.2,3.1,1.23,1.09,1.1,N/A,N/A,26.4,2.26,1.58,1.04,0.9,1.77,2.33,3.65,1.04,1.92,1.75,1.727,1.761,1.58,23.6,1747.15,2973.15,8.8,0.16,12.2,241,301,16.2,0.0000112,3.14,40.2,26,64,0.481,0.746,0.00000094,1100000,-12061.77055,12056.8348,4818.79662,-28685.33803,-252.063945,-12061.83232,12056.90102,4819.075824,-28685.67313,-252.136035,-12598.22165,13816.19098,4934.922054,-31108.21228,-241.122405,-12586.32715,13568.0689,4922.259676,-30836.29789,-240.357836,64,0.015,36,1,0.027777778,2.90E-12,9476,3129,740
Er,[Xe]6s24f12,167.259,68,6,3,3,35,3,2,0,0,12,0,6,10,2,14,14,2,3,3,3,4.018,1.507,6.108,0.311,N/A,N/A,1.24,1.2,3.1,1.24,1.09,1.11,N/A,N/A,31.9,2.26,1.57,1.03,0.89,1.75,2.32,3.63,1.03,1.89,1.75,1.703,1.748,1.567,22.7,1802.15,3141.15,9.07,0.17,19.9,261,317,14.3,0.0000122,3.29,44.4,28,70,0.588,0.814,0.00000086,1200000,-12494.7183,12489.6824,5005.110005,-29730.76571,-258.745003,-12494.74615,12489.71221,5005.227549,-29730.90858,-258.777332,-13068.1692,14376.13084,5127.726897,-32324.74796,-247.278978,-13055.06184,14108.04266,5114.219595,-32030.84108,-246.483018,165,0.036,35,6,0.171428571,8.18E-12,9476,3129,270
Tm,[Xe]6s24f13,168.934,69,6,3,3,37,3,2,0,0,13,0,6,10,1,14,15,2,3,3,3,3.921,1.545,6.184,1.026,N/A,N/A,1.25,1.2,3.1,1.25,1.09,1.12,N/A,N/A,38.1,2.22,1.56,1.17,1.03,1.75,2.3,3.6,1.02,1.9,1.75,1.681,1.743,1.562,21.8,1818.15,2223.15,9.32,0.16,16.84,191,232,16.8,0.0000133,2.42,44.5,31,74,0.52,0.471,0.0000007,1400000,-12936.78649,12931.64974,5196.611124,-30799.51525,-265.532099,-12936.79355,12931.65727,5196.639086,-30799.54966,-265.540251,-13549.25854,14952.78251,5325.995668,-33574.51328,-253.523438,-13534.83286,14663.34475,5311.599603,-33257.08131,-252.695905,105,0.025,35,1,0.028571429,1.23E-12,9476,3129,4100
Yb,[Xe]6s24f14,173.045,70,6,3,3,39,3,2,0,0,14,0,6,10,0,3,16,2,3,2,2,4.048,1.494,6.254,-0.021,N/A,N/A,1.1,1.1,3.1,1.26,1.09,1.13,N/A,N/A,45.1,2.22,1.56,1.16,1.02,1.9,2.28,3.59,1.13,1.97,1.75,1.658,1.933,1.699,21,1092.15,1469.15,6.97,0.15,7.66,128.9,152,34.9,0.0000263,1.6,30.5,10,24,0.206,0.343,0.00000028,3600000,-13388.04859,13382.8103,5393.365097,-31891.7984,-272.425592,-13388.04859,13382.8103,5393.365097,-31891.7984,-272.425592,-14041.65086,15546.61383,5529.800732,-34858.20984,-259.855592,-14025.79358,15234.35556,5514.47037,-34515.62313,-258.996388,35,0.0076,35,7,0.2,8.08E-12,9476,3129,530
Lu,[Xe]6s24f145d1,174.967,71,6,3,2,41,3,2,0,1,14,0,6,9,0,3,17,2,1,3,3,4.034,1.501,5.426,0.342,N/A,N/A,1.27,1.2,3.1,1.27,1.09,1.12,N/A,N/A,52.9,2.17,1.6,1,0.86,1.75,2.27,3.37,1,1.87,1.75,1.553,1.738,1.557,21.9,1936.15,3675.15,9.84,0.15,18.6,355.9,427,16.4,0.00001,4.43,47.6,27,67,1.16,0.893,0.00000057,1800000,-13848.23038,13842.90353,5575.225315,-32987.4068,-278.952417,-13848.23477,13842.9089,5575.325406,-32987.51031,-278.95876,-14545.31929,16158.23584,5721.33747,-36159.02584,-265.866754,-14527.90572,15821.44616,5704.90613,-35789.28548,-264.972535,85,0.022,35,1,0.028571429,1.20E-12,9476,3129,6900
Hf,[Xe]6s24f145d2,178.49,72,6,4,2,45,4,2,0,2,14,0,6,8,0,4,18,2,2,4,4,4.298,1.09,6.825,0.021,3.8,N/A,1.3,1.73,3.8,1.39,1.16,1.2,N/A,N/A,61.3,2.08,1.5,0.85,0.71,1.58,2.25,2.91,0.85,1.75,1.55,1.476,1.585,1.442,16.2,2500.15,4873.15,13.3,0.14,24.06,575,619,23,0.0000059,6.44,109,30,78,1.76,1.7,0.0000003,3300000,-14317.49372,14312.0769,5760.587419,-34104.62931,-285.528734,-14317.51221,14312.09921,5760.8635,-34104.92172,-285.553202,-15060.40463,16787.9074,5916.472097,-37492.88461,-271.899517,-15041.30271,16424.87759,5898.918562,-37094.12803,-270.970833,104,0.02,36,5,0.138888889,5.02E-12,3410,2595,120
Ta,[Xe]6s24f145d3,180.948,73,6,5,2,48,4,2,0,3,14,0,6,7,0,5,19,2,3,5,5,4.593,1.341,7.55,0.308,4.11,N/A,1.5,1.94,4.11,1.79,1.34,1.26,N/A,N/A,71,2,1.38,0.86,0.72,1.45,2.2,2.79,0.78,1.7,1.45,1.413,1.457,1.343,13.1,3269.15,5698.15,16.6,0.14,31.6,743,782,57.5,0.0000063,8.1,196,67,186,0.873,0.8,0.00000013,7700000,-14795.8842,14790.37645,5949.357668,-35243.46006,-292.15826,-14795.92713,14790.42763,5949.841463,-35243.98378,-292.212445,-15587.05079,17436.13222,6115.300224,-38860.52007,-277.963169,-15566.1191,17045.05023,6096.568291,-38430.73758,-277.000037,20.5,0.0041,36,1,0.027777778,6.75E-13,2252,4811,120
W,[Xe]6s24f145d4,183.84,74,6,6,2,51,4,2,0,4,14,0,6,6,0,6,20,2,4,5.78,5.78,4.593,1.319,7.864,0.807,4.4,N/A,2.36,1.79,4.4,2.36,1.47,1.31,N/A,N/A,81.4,1.93,1.46,0.8,0.66,1.35,2.1,2.74,0.74,1.62,1.35,1.36,1.394,1.299,11.1,3683.15,5933.15,19.3,0.13,35.4,824,849,174,0.0000045,8.9,311,161,411,3.43,2.57,5.00E-08,20000000,-15283.44882,15277.84931,6141.634533,-36404.0875,-298.84516,-15283.52687,15277.94142,6142.349943,-36404.87749,-298.940751,-16125.40843,18103.44755,6317.991142,-40262.78378,-284.063342,-16102.49541,17682.38777,6298.01638,-39799.8338,-283.065753,18.4,0.0036,35,5,0.142857143,4.34E-12,6981,4297,11
Re,[Xe]6s24f145d5,186.207,75,6,7,2,54,4,2,0,5,14,0,6,5,0,7,21,2,5,5.78,5.78,4.564,1.326,7.834,0.144,4.02,N/A,1.9,2.06,4.02,2.83,1.6,1.35,N/A,N/A,92.9,1.88,1.59,0.77,0.63,1.37,2.05,2.68,0.77,1.51,1.35,1.31,1.373,1.278,9.7,3453.15,5873.15,21,0.13,33.2,715,770,47.9,0.0000062,8.03,334,178,463,2.45,1.32,0.00000018,5600000,-15780.23602,15774.54396,6337.535878,-37586.72292,-305.592936,-15780.36014,15774.68919,6338.503935,-37587.8115,-305.741761,-16675.63441,18790.42164,6524.706419,-41700.55849,-290.203987,-16650.57761,18337.33642,6503.419447,-41202.16148,-289.17199,90,0.016,35,1,0.028571429,1.69E-12,3258,3314,540
Os,[Xe]6s24f145d6,190.23,76,6,8,2,57,4,2,0,6,14,0,6,4,0,8,22,2,5,5.78,5.78,5.648,1.265,8.438,1.066,4.9,N/A,2.2,1.85,4.9,2.78,1.65,1.39,N/A,N/A,105.3,1.85,1.28,0.77,0.63,1.35,2,2.65,0.77,1.44,1.3,1.266,1.35,1.255,8.5,3318.15,5303.15,22.6,0.13,31.8,746,791,87.6,0.0000051,8.17,373,222,,4.137063913,3.92,8.00E-08,12000000,-16286.29541,16280.51003,6537.173416,-38791.57439,-312.404466,-16286.37549,16280.60289,6537.708331,-38792.18771,-312.498998,-17237.89143,19497.65452,6735.59087,-43174.7488,-296.388014,-17210.51681,19010.36544,6712.918147,-42638.47865,-295.321749,15,0.0023,35,6,0.171428571,2.20E-11,5504,9087,7700
Ir,[Xe]6s24f145d7,192.217,77,6,9,2,60,4,2,0,7,14,0,6,3,0,9,23,2,4,5.78,5.78,4.908,1.234,8.967,1.542,5.4,N/A,2.2,1.87,5.4,2.2,1.68,1.43,N/A,N/A,118.8,1.8,1.37,0.82,0.68,1.36,2,2.63,0.77,1.41,1.35,1.227,1.355,1.26,7.6,2683.15,4403.15,22.4,0.13,26.1,604,665,147,0.0000064,6.94,371,210,528,1.76,1.67,4.70E-08,21000000,-16801.67747,16795.79805,6740.648988,-40018.84238,-319.282128,-16801.72286,16795.85029,6740.917855,-40019.15593,-319.335079,-17812.34794,20225.77939,6950.774432,-44686.28414,-302.617619,-17782.46908,19701.96819,6926.638444,-44109.55837,-301.51734,425,0.081,36,2,0.055555556,2.16E-11,5504,9087,4200
Pt,[Xe]6s14f145d9,195.084,78,6,10,2,63,4,1,0,9,14,1,6,1,0,10,24,1,3,5.78,5.78,4.883,1.241,8.959,2.116,5.6,N/A,2.28,1.91,5.6,2.28,1.72,1.49,N/A,N/A,133.4,1.77,1.28,0.94,0.8,1.39,1.75,2.7,0.74,1.36,1.35,1.221,1.385,1.29,6.5,2045.15,4100.15,21.4,0.13,19.6,510,565,71.6,0.0000089,5.84,276,61,168,0.549,0.392,0.00000011,9400000,-17326.57638,17320.59285,6958.348706,-41279.08998,-326.42795,-17326.59011,17320.60971,6958.546347,-41279.30103,-326.445135,-18399.2158,20975.23953,7178.033836,-46243.44406,-309.045109,-18366.6324,20412.55915,7152.388812,-45623.66805,-307.912303,10,0.002,37,5,0.135135135,4.37E-11,5504,9087,4700
Au,[Xe]6s14f145d10,196.967,79,6,11,2,66,4,1,0,10,14,1,6,0,0,1,25,1,2,5.44,5.44,4.938,1.227,9.226,2.312,5.77,N/A,2.54,1.19,5.77,2.54,1.92,1.53,N/A,3.1,149.1,1.74,1.44,1.51,1.37,1.43,1.66,2.66,1.51,1.36,1.35,1.187,1.439,1.336,6.1,1337.15,3353.15,19.3,0.128,12.55,334.4,366,317,0.0000142,3.81,171,27,78,0.216,2.45,0.000000022,45000000,-17860.79094,17854.71137,7170.546095,-42552.58722,-333.461185,-17860.79657,17854.71879,7170.660357,-42552.70663,-333.469086,-18998.62471,21747.19306,7402.763425,-47833.19664,-315.384552,-18963.12361,21142.90506,7375.492666,-47167.30258,-314.218763,98.7,0.017,37,1,0.027027027,6.10E-12,1119,1040,4400
Hg,[Xe]6s24f145d10,200.592,80,6,12,2,71,4,2,0,10,14,0,6,0,0,,26,2,1,4.44,4.44,4.04,1.506,10.438,-0.518,4.91,N/A,2,1.49,4.91,2,1.76,1.54,N/A,1,166,1.71,1.49,1.33,1.19,1.52,1.55,2.41,0.83,1.32,1.5,1.126,1.57,1.44,5.4,234.25,630.15,13.5,0.139,2.295,59.229,61,8.34,0.000181,0.67,38.2,N/A,N/A,N/A,N/A,0.00000096,1000000,-18404.27422,18398.10839,7374.994996,-43837.04718,-340.330424,-18404.27422,18398.10839,7374.994996,-43837.04718,-340.330424,-19610.68576,22542.37946,7623.259953,-49454.7304,-321.594778,-19572.03928,21893.54302,7594.228549,-48739.41551,-320.39534,374,0.063,40,7,0.175,1.11E-11,5505,3054,5
Tl,[Xe]6s24f145d106p1,204.383,81,6,13,1,76,5,2,1,10,14,0,5,0,0,4,27,3,3,3.44,3.44,4.07,1.506,6.108,0.373,3.2,N/A,1.62,1.69,3.2,2.04,1.789,1.59,N/A,1.3,3.3,1.56,1.48,1.64,1.5,1.72,1.96,2.24,1.03,1.45,1.9,1.319,1.712,1.549,7.6,576.15,1730.15,11.9,0.13,4.142,164.1,182,46.1,0.0000299,1.88,28.5,2.8,8,N/A,0.0264,0.00000015,6700000,-18956.95763,18950.71039,7576.942724,-45137.45422,-347.156518,-18956.9621,18950.71627,7577.062261,-45137.57778,-347.162855,-20235.32193,23360.92935,7840.22807,-51108.76714,-327.71222,-20193.2818,22664.59241,7809.187848,-50340.58461,-326.477452,3.4,0.00059,37,2,0.054054054,6.00E-12,6500,6500,48
Pb,[Xe]6s24f145d106p2,207.2,82,6,14,1,81,5,2,2,10,14,0,4,0,0,4,28,4,4,2.44,2.44,4.426,1.368,7.417,0.352,3.9,N/A,1.87,1.92,3.9,2.33,1.854,1.76,N/A,1.5,4.77,1.54,1.47,1.33,1.19,1.74,2.02,2.09,1.49,1.46,1.8,1.215,1.746,1.538,6.8,600.65,2013.15,11.4,0.13,4.799,177.7,196,35.3,0.0000289,2.03,45.8,5.6,16,N/A,0.0383,0.00000021,4800000,-19518.99315,19512.66268,7781.994459,-46459.62774,-354.022546,-19519.01077,19512.68529,7782.343079,-46459.99313,-354.046015,-20872.8871,24203.98226,8060.985186,-52804.00462,-333.849926,-20827.18865,23456.92159,8027.843592,-51979.37309,-332.580738,0.171,0.00003,38,4,0.105263158,1.03E-10,2716,1781,1.5
Bi,[Xe]6s24f145d106p3,208.98,83,6,15,1,86,5,2,3,10,14,0,3,0,0,5,29,5,5,3,3,4.389,1.368,7.286,0.943,4.69,N/A,2.02,2.14,4.69,2.02,2.01,1.83,N/A,1.8,6.61,1.43,1.46,1.17,1.03,1.62,2.3,2,1.17,1.48,1.6,1.295,1.7,1.52,7.4,544.15,1833.15,9.75,0.12,11.3,104.8,207,7.87,0.0000134,2.18,31.5,12,32,N/A,0.0942,0.0000013,770000,-20090.41445,20083.99952,7989.999458,-47803.48411,-360.929324,-20090.45394,20084.0493,7990.617697,-47804.14116,-360.979787,-21523.5689,25072.41118,8285.370514,-54541.34384,-340.006762,-21473.92878,24271.18807,8250.008963,-53656.42179,-338.704027,0.034,0.000006,36,0,0,4.70E-12,5296,5993,11
Th,[Rn]7s26d2,232.038,90,7,3,2,16,3,2,0,2,0,0,6,8,14,4,4,2,2,4,4,4.679,1.762,6.307,1.214,N/A,N/A,1.3,1.3,2.8784,3.2,1.11,1.03,N/A,N/A,0.752,1.8,2.06,1.08,0.94,1.78,2.4,4.98,1.19,2.06,1.8,1.788,1.795,1.652,32.1,2023.15,5063.15,11.7,0.12,16.1,514.4,576,54,0.000011,6.2,54,31,79,0.35,0.4,0.00000015,6700000,-24353.83223,24346.84566,9483.654939,-57774.56758,-409.765243,-24353.84736,24346.86436,9483.843618,-57774.7713,-409.784042,-26460.74264,31945.51024,9912.388894,-67935.76065,-382.881127,-26373.78595,30647.3598,9857.992062,-66497.74348,-381.394331,7.4,0.001,30,1,0.033333333,1.09E-12,N/A,N/A,9000
U,[Rn]7s25f36d1,238.029,92,7,3,3,20,3,2,0,1,3,0,6,9,11,6,6,2,3,5.78,5.78,4.721,1.746,6.194,0.528,N/A,N/A,1.38,1.7,3.3168,3.4,1.22,1.06,N/A,N/A,2.92,1.75,1.96,1.17,1.025,1.58,1.86,4.72,0.87,1.96,1.75,1.775,1.516,1.421,27.4,1405.15,4091.15,19,0.12,14,477,490,27.6,0.0000139,5.55,97.9,111,208,1.96,2.4,0.00000028,3600000,-25658.41789,25651.23118,9991.594178,-60876.21062,-425.032628,-25658.47452,25651.29511,9992.121719,-60876.79173,-425.099623,-28001.13233,34199.39228,10455.16425,-72259.68471,-396.004144,-27899.64166,32712.79465,10394.44814,-70612.38389,-394.500555,7.57,0.0005,26,0,0,2.94E-13,N/A,N/A,6000
